<?xml version="1.0" encoding="UTF-8"?>
<root>
  <item name="com.afollestad.materialdialogs.util.DialogUtils android.graphics.drawable.Drawable resolveDrawable(android.content.Context, int) 1">
    <annotation name="android.support.annotation.AttrRes" />
  </item>
  <item name="com.afollestad.materialdialogs.util.DialogUtils android.graphics.drawable.Drawable resolveDrawable(android.content.Context, int, android.graphics.drawable.Drawable) 1">
    <annotation name="android.support.annotation.AttrRes" />
  </item>
  <item name="com.afollestad.materialdialogs.util.DialogUtils int resolveColor(android.content.Context, int) 1">
    <annotation name="android.support.annotation.AttrRes" />
  </item>
  <item name="com.afollestad.materialdialogs.util.DialogUtils int resolveColor(android.content.Context, int, int) 1">
    <annotation name="android.support.annotation.AttrRes" />
  </item>
</root>

